"lecturer_id","subj_id"
1,5
1,2
2,10
2,14
3,5
3,10
3,4
4,5
4,8
5,14
6,6
6,9
6,14
7,2
7,12
8,12
9,13
9,3
10,6
11,8
11,3
12,7
13,11
13,10
14,7
14,6
14,3
15,6
15,3
15,1
16,7
17,10
17,3
18,9
18,14
19,10
19,5
19,1
20,5
20,11
21,13
22,9
22,13
23,2
23,9
24,6
24,4
24,5
25,6
25,10
26,1
27,13
27,5
27,2
28,7
28,11
29,5
29,7
29,10
30,14
31,3
31,4
32,4
32,13
32,14
33,8
33,13
33,10
34,3
34,1
34,6
35,4
36,5
36,8
36,6
37,9
37,8
37,6
38,6
38,11
38,8
39,5
40,8
40,14
41,6
41,3
42,3
42,2
43,14
44,7
45,8
45,3
46,8
46,1
47,10
48,5
49,9
49,6
50,1
50,10
50,11
51,14
51,9
52,2
52,6
53,11
53,4
53,12
54,7
54,3
54,9
55,3
55,4
56,12
57,11
57,1
58,8
58,3
59,7
59,14
60,7
60,13
61,1
62,12
62,3
62,10
63,9
63,14
64,12
65,1
66,5
67,13
67,9
68,7
69,14
70,11
70,12
70,4
71,1
71,6
72,2
72,7
72,14
73,8
73,4
74,10
74,1
75,10
75,4
75,14
76,4
76,10
77,8
77,6
77,10
78,4
78,3
79,8
79,7
79,9
80,2
80,8
80,12
81,5
81,8
81,14
82,3
82,12
83,1
84,7
85,14
85,8
86,2
86,8
87,2
88,3
88,7
88,9
89,4
89,14
90,5
90,2
91,8
91,1
92,10
92,11
92,14
93,9
93,3
93,14
94,8
95,12
95,9
96,7
97,12
97,14
98,14
98,10
99,3
100,7
100,13
101,6
102,1
102,14
103,6
104,13
104,3
105,8
105,2
105,9
106,9
106,3
106,2
107,10
107,3
107,14
108,11
108,2
108,4
109,7
110,3
111,8
111,11
112,1
112,12
113,12
113,11
114,9
114,11
114,14
115,3
116,10
117,9
118,4
118,1
118,7
119,1
120,10
120,8
120,11
121,7
121,6
122,1
122,13
122,9
123,6
124,4
125,8
125,2
125,5
126,14
126,13
126,4
127,10
127,9
128,11
128,5
129,1
129,12
129,4
130,2
131,6
131,10
132,12
133,14
134,10
134,14
135,2
135,8
136,9
137,12
138,1
139,7
139,11
140,13
140,8
141,7
142,3
142,7
143,5
143,12
143,4
144,11
144,2
145,1
146,14
146,8
146,13
147,12
147,8
148,8
148,12
148,9
149,12
149,14
150,3
150,5
151,1
151,13
151,5
152,8
153,11
154,8
154,7
155,10
155,8
156,14
157,3
157,13
157,5
158,8
158,2
158,4
159,12
159,3
160,12
160,11
160,3
161,1
161,12
162,3
162,9
162,8
163,6
163,12
164,8
164,7
164,1
165,7
165,10
166,4
166,9
166,6
167,12
167,10
168,4
168,7
169,4
170,2
171,9
172,14
172,4
173,7
173,12
173,9
174,4
175,10
176,2
177,11
178,7
179,13
179,1
179,4
180,9
180,12
180,7
181,13
181,7
181,4
182,3
182,1
183,5
183,1
183,2
184,8
185,11
186,10
187,11
187,9
188,2
189,9
190,13
190,2
191,2
191,3
192,8
192,12
193,5
193,4
194,1
195,12
195,10
195,13
196,1
196,6
196,13
197,5
197,1
197,10
198,1
198,6
199,13
199,1
200,3
201,10
201,11
201,6
202,5
202,2
203,14
203,12
204,1
205,11
205,3
205,12
206,12
206,1
206,4
207,8
208,6
208,10
209,12
210,3
210,14
210,13
211,6
212,3
213,9
214,12
214,11
215,5
216,9
217,9
217,12
217,14
218,14
218,7
218,10
219,11
220,4
220,11
221,4
221,5
222,8
222,10
222,9
223,2
224,10
224,9
225,12
225,14
226,5
227,14
227,4
228,2
228,10
228,8
229,12
229,1
230,7
231,4
231,12
232,12
232,11
233,13
234,1
234,14
234,7
235,1
235,9
235,11
236,9
236,4
236,5
237,12
237,1
237,5
238,4
239,5
240,12
240,1
241,1
242,12
242,10
243,1
243,12
243,5
244,7
245,11
246,12
246,13
246,2
247,11
247,14
248,8
248,13
248,1
249,1
249,13
249,8
250,12
251,11
251,3
251,6
252,10
252,4
252,11
253,2
253,3
254,4
255,12
255,10
256,7
256,14
257,6
258,8
258,7
259,12
259,6
260,9
260,4
261,6
262,4
263,6
264,7
265,9
265,13
266,10
267,12
267,8
268,8
268,9
269,11
269,7
270,3
270,7
270,10
271,1
271,6
271,7
272,1
272,14
273,12
274,1
275,13
275,7
275,9
276,3
276,10
277,6
277,7
278,8
278,11
278,1
279,10
279,1
279,11
280,7
280,6
281,14
282,9
282,6
282,14
283,12
283,14
284,2
285,3
286,2
286,10
286,12
287,2
288,11
289,10
289,9
289,4
290,2
290,3
291,10
291,12
291,5
292,12
292,11
293,14
293,12
293,4
294,7
295,1
295,4
296,12
296,13
296,1
297,13
298,5
298,13
299,7
299,11
300,4
300,10
300,12
301,14
301,3
302,9
303,14
303,3
303,9
304,10
304,13
305,10
305,3
306,7
307,8
307,5
308,13
308,9
308,12
309,6
309,8
310,11
310,10
310,8
311,8
311,2
312,3
312,10
313,6
313,4
314,9
314,2
315,13
315,4
316,14
317,3
317,9
317,7
318,14
318,7
319,10
319,14
320,8
320,4
321,1
322,6
323,7
324,9
324,4
325,13
326,3
326,4
326,13
327,2
328,8
329,3
329,2
329,5
330,12
331,13
332,11
333,6
333,13
333,5
334,10
334,7
335,12
336,13
336,14
337,14
337,6
338,13
338,12
338,1
339,4
339,6
339,12
340,7
340,9
341,13
341,11
341,7
342,2
343,7
343,1
344,10
344,11
345,9
345,1
346,10
346,7
347,13
347,3
348,1
348,13
348,10
349,14
350,12
350,6
350,10
351,2
352,2
352,3
353,6
354,8
354,2
354,9
355,2
355,11
356,9
356,12
357,6
358,14
358,10
359,5
360,3
360,2
360,9
361,1
362,5
362,12
363,12
364,7
364,3
364,8
365,7
365,13
366,8
367,6
367,9
368,13
369,7
369,9
369,13
370,13
370,2
